0.000163078;0.000355425;0.00133684;0.00180703;0.000371423;0.000799255;0.00033029;0.000516477;0.00042311;0.000536722;0.00021731;0.000312115;0.000384823;0.000151413;0.000353238;0.000382084;4.41016e-05;0.000268296;0.000132568;0.000141566;0.000154963;0.000181086;0.000195914;0.000364153;0.000236017;0.000201047;0.000198683;0.000285352;0.000474947;8.63915e-05;0.000172342;0.000166497;0.000302179;0.000153655;8.16365e-05;0.000199393;8.43789e-05;0.000229196;0.000147692;0.000373833;9.7602e-05;0.000376961;0.000131759;0.000210132;0.000228341;0.00024744;0.000541229;0.000264483;0.000157614;0.000249952;0.000231805;0.000108502;8.05876e-05;5.66852e-05;0.000148513;0.000132756;0.000181084;0.000155622;0.000199873;0.000239319;0.000241286;3.00006e-05;0.000150128;0.000180109;0.000171243;3.80982e-05;0.000172382;0.000140361;0.000319043;9.73551e-05;9.01012e-05;0.000152021;5.07723e-05;6.02155e-05;3.15051e-05;4.01701e-05;0.000131754;0.000157271;0.000139967;8.65476e-05;
0.000180054;0.000428628;0.00172689;0.00340867;0.000656601;0.00171611;0.000560892;0.00135622;0.000476998;0.000898033;0.000560371;0.000452483;0.000321207;0.000692277;0.000120326;0.000403175;9.07926e-05;0.000208127;0.000302822;0.000472014;0.000404473;0.000164753;0.000453133;0.000584631;0.000957728;0.000227605;0.000343439;0.000226685;0.000166849;0.000183428;9.79209e-05;0.000110128;7.09169e-05;0.000187443;0.000525506;0.000254136;0.000408722;0.000247459;0.000314685;0.000386087;0.000171721;0.000133561;0.000499221;0.000116968;0.0001359;0.00012946;0.000260957;0.000165947;0.000213435;4.10815e-05;0.00038424;0.000178505;4.61308e-05;0.00027531;0.000401932;8.50648e-05;0.00021741;0.00029086;1.18111e-05;0.000144415;0.00014923;0.000162845;5.18704e-05;0.000136999;6.91648e-05;0.000146739;5.55589e-05;0.000140078;8.7993e-05;7.77099e-05;9.95276e-05;0.000105675;0.00010696;7.62028e-05;4.60969e-05;4.87905e-05;0.000151665;0.000176455;0.000130772;2.7282e-05;
0.000700569;0.00159913;0.0102493;0.00385956;0.00350931;0.00264252;0.00328401;0.00250427;0.00163667;0.00134994;0.00109616;0.000862302;0.0011082;0.000400452;0.000211123;0.000250158;0.00070097;0.000951083;0.000400453;0.000290025;0.000347475;0.00108701;4.16011e-05;0.000312576;0.0006994;0.000377652;0.000212328;0.00019426;0.000181491;0.000201062;0.000289815;0.000291699;0.000205002;0.000788404;0.000436571;0.000326736;0.000403996;0.000265323;0.000236264;0.000503747;0.000355351;0.00064486;0.0005141;0.000471008;0.000205865;0.000361321;0.00028084;0.000139517;0.000204424;0.000422046;0.000226911;0.000412322;0.000333221;0.000181402;0.000158306;0.00033004;0.000362855;0.000260439;0.000147858;6.27154e-05;0.000274914;0.000195945;0.000316795;0.000133797;0.000326962;0.000310898;0.000312873;0.000136469;7.84864e-05;0.000187886;0.000168527;0.000103073;0.000110956;0.000179211;0.000167074;0.000147627;0.000122629;0.00010058;4.5453e-05;0.00015464;
0.00184937;0.00363288;0.00914811;0.00261002;0.00468725;0.00341551;0.00216347;0.00187045;0.000596191;0.00144413;0.001602;0.000823137;0.0014617;0.00126075;0.00168252;0.000427176;0.000789231;0.00077992;0.000350235;0.000299463;0.000533736;0.000801654;0.000501619;0.000595316;0.000231928;0.000211573;0.000530685;9.2373e-05;0.000306846;0.000282144;0.000236359;0.000460025;0.000209004;0.000365672;0.000261961;0.000792016;0.0001084;0.000396668;0.000146409;0.000149606;0.000255776;0.000420227;0.000755454;0.000601519;0.000307166;0.000509903;0.000175207;0.000221135;0.000481164;0.000370582;0.000478962;0.000266003;0.000269179;0.000287675;0.000306978;0.000278742;0.000107328;0.000189783;0.000246768;0.000235033;0.000166992;9.38114e-05;0.000139723;9.7847e-05;0.000261558;0.000413149;0.000155824;0.000194058;3.42867e-05;0.000271871;0.000234771;0.000233313;0.000303186;9.89968e-05;0.000230109;0.000210387;6.94679e-05;7.19633e-05;0.000116579;0.000164397;
0.00336494;0.00431681;0.00757094;0.00398262;0.00252572;0.00268613;0.00144762;0.000798568;0.000430184;0.00083258;0.000855382;0.000232103;0.00132028;0.000844506;0.000514127;0.000116176;0.000508178;0.000425657;0.000320213;0.000345842;0.000414398;0.000479951;0.000228518;0.000370379;0.000499124;0.000334106;5.31813e-05;0.000245963;6.00396e-05;0.000147056;0.000186099;0.000212481;0.000289236;0.000211974;0.000461553;0.000777903;0.000588781;0.000187761;0.000205891;0.000372164;0.0004728;0.000242346;0.000771681;0.000309455;0.000435736;8.74793e-05;0.000458649;0.00059174;0.000416787;0.000121495;0.000217265;0.000287191;0.000201364;0.000401223;7.56758e-05;0.000352177;0.000404716;0.000140571;0.000114081;0.000207924;7.33186e-05;0.000161491;0.000113848;0.000136559;3.20159e-05;0.00011382;0.000114097;0.000145144;0.000169717;8.84596e-05;0.000238552;0.000234604;8.2242e-05;3.29915e-05;0.000120286;0.000151513;5.68831e-05;0.000153984;0.00011249;7.40041e-05;
0.00187683;0.00172571;0.00380636;0.00051873;0.00143069;0.00130074;0.00208462;0.00102291;0.000271462;0.000502192;0.000179624;0.000462296;0.000672519;0.000738293;5.08035e-05;0.00069586;0.000471933;0.00014451;0.000562241;0.00027196;0.000162229;0.000105901;0.000406215;0.000114974;0.000174012;0.000324058;9.12749e-05;0.000380329;0.000537353;0.00038097;0.000362795;0.000322444;0.000171512;0.000275616;0.00026214;0.000354213;0.000241385;0.000282833;0.000204949;0.000210249;0.00035995;6.51734e-05;0.000514182;0.000137942;0.000105241;0.000448824;0.00011127;0.00039768;0.000140078;0.000416281;0.00026068;0.000295021;0.000108072;0.000119449;9.30713e-05;0.000293868;8.20239e-05;0.000139237;0.000152818;0.000411751;0.000190666;2.88956e-05;0.000210617;0.000269252;7.42332e-05;0.000182906;6.35415e-05;0.000176658;0.000162717;0.000107409;0.000444946;0.00018903;0.000134469;0.000202958;5.90273e-05;5.68316e-05;0.000123478;3.56887e-05;0.000172055;7.12057e-05;
0.00122242;0.00170415;0.00453368;0.00184868;0.00145609;0.00094137;0.00212864;0.000793338;0.000536768;0.000855973;0.00122897;0.000461543;0.000908799;0.000415467;0.000827897;0.00126491;0.000268003;0.000788406;0.000370817;0.000581491;0.000980896;0.000351844;0.000514651;0.000394235;0.000547622;0.000269269;0.000292247;0.000492663;0.000377879;0.000702162;0.000185402;0.000508799;0.00031793;0.000402035;0.000189007;0.00043566;0.00141337;0.000231799;4.51655e-05;0.000905176;1.99434e-05;0.000294656;0.00046095;0.000641593;0.000681416;0.00110746;0.00073505;0.00104362;0.000311874;0.000209458;0.000673517;0.000382211;8.9856e-05;0.000267573;0.000482743;0.000354944;0.000194023;0.000329527;0.00066847;0.000554055;0.000212947;0.000183521;3.56849e-05;0.000223505;0.00016484;0.0001233;7.47854e-05;0.000132491;0.00014361;9.3198e-05;0.000166691;0.000205195;0.000172742;1.81455e-05;0.000123693;0.000140312;3.33468e-05;0.000107122;1.40989e-05;0.000103281;
0.0004776;0.00126988;0.00515635;0.00306885;0.00304676;0.00127796;0.00219479;0.00111664;0.000566206;0.000586178;0.000621847;0.000300007;0.000820032;5.98475e-05;0.0012692;0.000149707;0.000380581;0.000195782;0.00048417;0.000302885;0.000737043;0.000374742;0.000357408;7.90595e-05;8.46793e-05;0.000333068;0.000265979;0.000234258;0.000252931;0.000729613;0.000134367;0.000265542;0.00011465;0.00047797;0.000100923;0.000279423;0.00104548;0.000198286;0.000294041;0.000520097;0.000136152;0.00042987;0.0001316;0.000467913;0.000429465;0.00061973;0.000451397;0.000466657;8.42716e-05;0.000534998;0.000590167;0.000250319;0.000127847;0.000112519;0.000175269;0.00020469;7.58173e-05;0.000177432;0.000239178;9.79595e-05;9.97737e-05;0.000170946;5.80382e-05;0.000122512;0.000223668;6.35552e-05;0.000207738;0.000138679;0.000158387;6.37537e-05;0.000400116;7.86874e-05;2.83046e-05;0.000223671;4.20202e-05;4.14785e-05;0.000127844;0.000131415;0.000109399;5.00825e-05;
0.00193882;0.00177544;0.00771718;0.00321086;0.0110243;0.00307615;0.00393385;0.00116513;0.000758866;0.00157555;0.00113182;0.00274194;0.000961815;0.00172426;0.00103786;0.00461858;0.0010472;0.00228803;0.000650542;0.000883863;0.000776351;0.000790354;0.00106139;0.00102365;0.000768935;0.00080969;0.000636244;0.00075259;0.00092896;0.000856913;0.000872485;0.000465968;0.000637341;0.000618174;0.00105226;0.00139012;0.00128584;0.000364005;0.000303202;0.000495047;0.000373384;0.000263239;0.000849337;0.000763305;0.000698422;0.00167623;0.000374013;0.000145283;0.000523136;0.000442293;0.00041295;9.79299e-05;7.47055e-05;0.000673294;0.000288;9.29601e-05;0.000414243;0.000153709;0.000217075;0.000107946;0.000152226;0.000178656;5.16978e-05;0.000129161;0.000241134;0.000226189;0.00022541;0.000243549;0.000191898;0.000239339;0.000306586;0.000205132;8.58106e-05;0.000158049;0.000429194;5.85099e-05;0.000125843;0.000296286;0.000311402;0.000136475;
0.00250664;0.00323533;0.00568579;0.00750161;0.0180574;0.00599497;0.00573553;0.00179776;0.00198244;0.00509916;0.00300279;0.00130282;0.00142589;0.00186591;0.00266344;0.0223832;0.00525057;0.00380558;0.00131927;0.00153623;0.00329942;0.00473382;0.00147744;0.0011109;0.00107196;0.000330804;0.00176233;0.000619014;0.000242968;0.00106835;0.000727545;0.00125442;0.00101637;0.000871391;0.00125055;0.00115559;0.0076863;0.00195136;6.63426e-05;0.00015458;0.00094266;0.00141266;0.00351552;0.00264291;0.0013529;0.000520655;0.000731585;0.00110916;0.000501002;0.000235763;0.000273533;0.000290948;0.000367776;0.000192462;0.000397869;0.000201905;0.000153416;0.000364239;0.000236638;0.000306539;0.000285958;0.000345377;0.000267835;0.000283561;0.000141277;0.000162308;0.000167669;0.000329868;0.000258034;0.000138027;0.000392131;0.000309025;0.000110249;0.000139259;0.000365678;3.01541e-05;5.59959e-05;0.000259886;0.000148262;0.00013521;
0.00221653;0.00266421;0.00539822;0.0080452;0.0192207;0.0247885;0.003911;0.000645377;0.00354142;0.00479887;0.00478225;0.000903072;0.00270867;0.00367427;0.00490796;0.0133486;0.00291785;0.00307594;0.00115527;0.00125273;0.00308805;0.00385343;0.000907233;0.000396473;0.000790552;0.000491986;0.00131727;0.00143998;0.00104892;0.000542626;0.00208216;0.00252527;0.000321432;0.00131534;0.00103515;0.00392951;0.00975744;0.0011839;0.00133421;0.000989438;0.00130957;0.00140285;0.00471065;0.00691859;0.000909709;0.00208254;0.000762759;0.000757117;0.000185239;0.000155637;0.00058376;0.000225441;3.88158e-05;0.000168373;0.000114755;0.000303267;0.000276491;0.000165179;9.7966e-05;8.61837e-05;1.86347e-05;0.000213151;0.00011209;6.62527e-05;0.00026398;0.000201535;7.43411e-05;0.000222549;0.000270485;3.82503e-05;7.28461e-05;0.000279652;0.000263721;7.78602e-05;3.31814e-05;0.000116538;0.000127595;0.000173395;7.66735e-05;3.11948e-05;
0.0011961;0.00245858;0.00389574;0.00360749;0.0200611;0.0238687;0.00620601;0.00401308;0.00147356;0.00360327;0.00638544;0.00331859;0.00263631;0.0047409;0.00557352;0.0190071;0.00407413;0.00435045;0.000658249;0.000536214;0.00223561;0.00402413;0.00043341;0.00026535;0.000304088;0.000562319;0.00258842;0.00203382;0.000548706;0.000734931;9.34519e-05;0.00151171;0.00205663;0.000560008;0.00252177;0.000535533;0.00194662;0.00116509;0.000634249;0.000397462;0.000660795;0.0018618;0.0055558;0.00196908;0.00137345;0.000507293;0.00127742;0.000461807;0.000266266;0.000535346;0.000191212;0.000416318;0.000386757;0.00039387;0.000244716;0.00012958;0.000519312;0.000101636;0.000301221;0.000238784;0.000175413;0.000146741;0.00016397;0.000172688;0.000340492;0.000200764;0.000255062;9.78996e-05;0.000302362;0.000395236;0.000182887;0.000204338;0.000168685;0.000114356;4.09926e-05;0.0001842;0.000335465;0.000107809;0.000143887;0.000186931;
0.000333977;0.00146262;0.0041243;0.00182088;0.00820617;0.0221725;0.00632058;0.000682508;0.00418204;0.00236435;0.00306718;0.0038047;0.00363833;0.00716157;0.00415375;0.0095753;0.00530756;0.00413889;0.0012033;0.000640893;0.000860509;0.00133439;0.000565193;0.000943056;0.000747421;0.00063922;0.000952679;0.000940199;0.000221736;0.000885847;0.000419749;0.000645277;0.000934012;0.000440578;0.00116932;0.00147109;0.00398597;0.00132369;0.00115459;0.000393651;0.00164141;0.00163283;0.0035355;0.00324795;0.000874799;0.000911079;0.0010647;0.000441531;0.00039327;0.000281433;0.000450028;0.000391306;0.000192545;0.000162972;0.00044892;0.00031361;0.000283264;0.000320764;0.000435635;0.000200265;0.000287355;0.00031046;8.38802e-05;0.000308217;0.000259222;0.000376265;0.000190885;0.000117873;0.000306503;2.15984e-05;0.000402648;0.000404606;0.000157061;0.000114992;0.000110304;0.000194192;0.000157099;3.05635e-05;0.000209409;6.38928e-05;
0.00216694;0.00405686;0.00558259;0.00672371;0.00377203;0.0124165;0.00749492;0.0060442;0.00075571;0.00199754;0.00144441;0.00656332;0.0108446;0.00333764;0.000654666;0.00300824;0.00226113;0.00230606;0.00088233;0.00062947;0.000391728;0.000847358;0.000960219;0.00164888;0.0001816;0.000127895;0.00117529;0.000486261;0.000617236;0.000134823;0.000428613;0.000400407;0.00136587;0.000708829;0.00211331;0.00168492;0.00173047;0.000666356;0.00034692;0.000879532;0.000179684;0.00132451;0.00152935;0.00222021;0.000381264;8.11662e-05;0.000121022;0.000214989;0.000308079;0.000103709;9.67116e-05;0.000186318;0.000180462;0.000282311;3.39851e-05;2.17994e-05;3.86443e-05;0.000126404;0.000264238;6.68864e-05;3.24245e-05;0.000242498;9.60149e-05;0.000185136;0.000108011;0.000124432;0.000250568;0.000127197;0.000211119;0.000134475;0.000129674;0.000341131;0.000153846;0.000150586;0.0001263;0.000230383;0.000117334;0.000156788;0.000158286;0.000121157;
0.00104866;0.00204528;0.00648487;0.00403087;0.0069999;0.00450085;0.00535248;0.00734668;0.00111336;0.00230104;0.000974693;0.00499405;0.00245418;0.00554452;0.0020503;0.000639749;0.000838377;0.00116094;0.000831896;0.000457745;0.000819364;0.000222281;0.000602339;0.000955088;0.000556294;0.000353348;0.000126863;0.000336905;0.000154837;0.000398157;0.000160785;0.000727014;0.000420451;0.000277086;0.001138;0.000666973;0.000293816;0.000210398;0.000124615;0.000594608;0.00124398;0.000719239;0.000641446;0.00148207;0.00011824;0.000504379;4.19107e-05;0.000493484;0.000296963;0.000255129;0.000294346;7.84984e-05;0.000148233;0.000304622;0.000230403;0.00036197;0.000114064;0.000387843;0.000293039;0.000202763;0.000225302;6.56183e-05;0.000216496;0.000138717;0.00022184;0.000177541;0.000156609;0.000140222;2.70979e-05;0.000103388;0.000231438;0.000278175;0.000156771;4.87175e-05;0.000131677;9.52147e-05;7.04793e-05;4.62283e-05;0.000118568;0.000246742;
0.00244007;0.00328712;0.0112428;0.00850312;0.00239979;0.0116514;0.00920175;0.00743206;0.00572888;0.000990798;0.000654594;0.00136271;0.00307177;0.00277952;0.00214319;0.00223241;0.00116002;0.000280674;0.000665341;4.75599e-05;0.000241823;0.000166413;0.00075695;0.00170599;0.000135976;0.000182559;0.000463749;0.000417881;0.000213576;0.00018756;7.82072e-05;9.6996e-05;0.000323404;0.000581451;0.000237782;0.000956053;0.000169634;0.000601795;0.000489371;0.000299672;0.000457154;0.000461741;0.000655817;0.000520125;0.000248961;5.10716e-05;0.000437216;0.000124255;0.000253149;0.000181309;0.000319558;0.000167539;0.000176687;0.000393236;0.000263988;0.000121347;0.000129057;0.000311838;0.000280087;2.98572e-05;0.00014198;6.47276e-05;6.65627e-05;0.000275165;0.000210459;0.000110876;3.92673e-05;0.000151008;0.00020272;3.45771e-05;0.000146605;0.000313658;4.5371e-05;9.5872e-05;0.000197323;0.000136541;6.68542e-05;0.000102851;0.000106941;5.81278e-05;
0.00274391;0.0041195;0.0126052;0.00708312;0.00551547;0.0161232;0.010649;0.00589903;0.00465153;0.00654482;0.00162612;0.00110275;0.0034243;0.000507118;0.00136657;0.00201215;0.000102513;0.000498296;0.000319345;0.000441329;0.00033327;0.000857108;0.00115899;0.00126104;0.000977463;0.000711112;0.000661221;0.000317881;0.000482792;0.000123873;9.97709e-05;0.000168758;0.000756352;0.000190743;0.00102999;0.00030801;0.000675234;0.000332396;0.000653161;0.000379206;0.000462542;0.000494166;0.000430874;0.000396018;0.000213687;0.00062382;0.000442929;0.000734304;0.000246296;0.000463549;0.000169038;0.000386478;4.29752e-05;0.000193402;9.5128e-05;0.000237814;0.000113744;0.00040764;0.00021407;0.000282246;0.000446225;0.000222424;0.000113135;0.000204109;0.000289755;0.000292989;0.000240517;0.000130209;0.000172179;4.53991e-05;0.000136905;7.78173e-05;3.30567e-05;0.000205541;4.22272e-05;8.94146e-05;0.000123959;0.000218745;7.97437e-05;8.93195e-05;
0.00209846;0.00323095;0.012436;0.00497825;0.00649722;0.0139873;0.0134453;0.00547082;0.0070631;0.00312961;0.00189441;0.000997943;0.0016297;0.000676463;0.00092749;0.000540552;0.000287152;0.000305632;0.000102649;0.000244685;0.000352655;0.000280483;0.000149637;0.00193453;0.0036156;0.00181241;0.000715312;0.000225611;0.00068564;0.000652305;0.000340263;0.00123493;0.000318145;0.000377101;0.000349284;0.000226993;0.000503749;0.000268907;0.000305773;0.000123595;0.000881228;0.00106962;0.000472778;0.000187526;0.000304065;0.000385969;0.000584808;0.000324008;0.00024337;0.00039206;0.000139371;0.000298695;0.000406546;0.000224252;0.000121008;0.000486202;0.000197025;0.00031233;0.000166797;4.88369e-05;0.000179001;0.000236573;0.000231278;0.00012158;0.000118577;4.17954e-05;0.000291953;0.000185423;0.000308078;0.000298094;3.49671e-05;7.6796e-05;3.53389e-05;0.000159294;0.000211337;0.000165463;0.000143697;0.000289366;0.000178598;0.000174026;
0.00165424;0.00200571;0.0121376;0.00194296;0.00435962;0.00147791;0.0049482;0.00577647;0.00815974;0.00881502;0.00235202;0.00195896;0.000915858;0.000435694;0.000766251;0.00039061;0.000547162;0.000191869;0.000153298;0.000309826;0.000186447;0.000819578;0.000413074;0.00188015;0.000845498;0.00107741;0.000598099;0.000301685;0.000166693;0.000357559;0.000958825;0.000700955;0.000227342;0.000541836;0.000136079;0.000403738;0.000460725;0.000535301;0.000657695;0.000670513;0.000768237;0.000490585;0.000354648;6.0893e-05;0.000230503;9.53793e-05;0.000395845;0.00079562;0.000238412;0.000121355;0.000228274;0.000452024;0.000186462;0.000424455;6.01636e-05;0.000109586;0.000106462;0.000236384;0.000228532;0.000343346;6.73256e-05;6.39576e-05;0.000158093;0.000249639;6.5366e-05;9.91043e-05;0.000159662;0.000226778;0.00012435;0.000273955;0.000164575;0.000148536;0.000176535;0.00011581;1.94777e-05;0.000102819;1.23588e-05;0.000182177;7.37896e-05;8.94504e-05;
0.000997925;0.000988916;0.00611436;0.00367503;0.00184341;0.00241837;0.00531373;0.0104087;0.00547553;0.00340301;0.00641555;0.00086961;0.00156505;0.000782659;0.000237816;0.00129498;0.000669953;7.02535e-05;0.000339594;0.000227041;0.000480304;0.000755778;0.000733925;0.0017513;0.000798759;0.00100133;0.00110437;0.000328705;0.000397012;2.53147e-05;0.00216974;0.0013075;0.000438683;0.000309933;0.000277481;0.000235673;0.00042935;0.00050129;0.000396025;0.000634353;0.000246995;0.000210771;0.000323715;0.000609757;0.00016975;0.000157518;0.000279362;0.000639909;0.000204226;0.000425111;0.000122093;0.000621425;0.000324397;0.000283129;0.000481494;0.000170309;0.000236703;0.000224571;0.000235769;0.000285555;8.2631e-05;9.29119e-05;0.000276405;0.000107927;0.000202248;0.000241017;0.000196111;0.000161627;0.000125952;0.000180031;0.000277087;0.000254542;0.000120151;0.000147123;0.000119111;0.000109154;0.000163452;8.74333e-05;3.43832e-05;0.000102321;
0.000496674;0.000683166;0.00651839;0.00590502;0.00202782;0.00299749;0.00289259;0.00677538;0.00340504;0.00319101;0.00124874;0.000365459;0.00103764;0.00111839;0.000816496;0.00054125;0.000305124;0.000463297;0.000355044;0.000340423;0.000455334;0.000492935;0.000576051;0.00124194;0.00148465;0.000448816;0.000581608;0.000811365;0.000476506;0.00036414;0.00120038;0.000842655;0.000171291;0.000459026;0.000146905;0.000275919;0.000351014;0.000162989;0.000390258;0.000226076;0.00015784;0.000368747;0.00038538;0.000211414;0.000172307;0.000399313;0.00068473;0.000339943;0.000457686;0.000329259;0.000108921;0.000378429;0.000264315;0.000224054;8.12749e-05;0.000231496;6.4612e-05;0.000139565;0.00020163;8.6947e-05;8.46673e-05;0.000131036;0.000176317;7.83811e-05;5.23177e-05;0.000133737;2.80342e-05;8.96643e-05;0.000101989;0.000222565;8.96907e-05;5.75913e-05;0.00013263;5.43914e-05;5.5239e-05;0.000104625;9.47862e-05;0.000173291;0.000119596;0.000139476;
0.000172997;0.000660845;0.00873425;0.00491;0.0022522;0.00107244;0.003356;0.00261445;0.0067834;0.00200867;0.000699641;0.00277135;0.00165327;0.00177857;0.000413918;0.000630017;0.000514285;0.000449619;0.000388739;0.000535176;0.000518788;0.000905857;0.000614695;0.00114902;0.000885721;0.000363761;7.35788e-05;0.00144761;0.000183986;0.000878993;0.000316705;0.000789306;0.000299808;0.00059388;0.000336512;0.000459101;0.000562886;0.000179021;0.000360369;0.000565112;0.000654494;0.000544334;0.000203982;0.000421424;0.000478084;0.000184663;0.000354123;0.000570566;0.000608942;0.000454059;0.000184547;0.000442009;0.000115592;0.000142731;0.000128026;4.54164e-05;0.000145719;0.000161459;0.000250618;0.000260199;2.12246e-05;0.000277652;0.000214682;0.000147313;0.000377615;7.78879e-05;0.000238018;0.000116236;6.80994e-05;0.00011719;0.00013504;0.000267759;0.000302771;3.83123e-05;0.000199885;0.000251638;0.000181714;0.000107943;9.23602e-05;0.000113328;
0.000732994;0.00115649;0.0118094;0.00229745;0.00280795;0.00239153;0.00392383;0.00209967;0.00410034;0.00319968;0.00196328;0.00297157;0.00110742;0.000679274;0.000898487;0.000688308;0.000781434;0.000642922;0.000649647;0.000459419;0.000449836;0.000408238;0.000369574;0.000902648;0.000862953;0.000871153;0.000566715;0.000985409;0.000542977;0.000217952;0.000460522;0.000191756;0.000231076;0.000116501;0.000107374;0.000118679;4.01081e-05;0.000381128;0.000168761;0.000646425;0.000417252;0.000619254;0.000162446;0.00054088;0.000612998;0.000191925;0.000578334;0.00055507;0.000545186;0.000115644;0.000178594;0.000279983;0.00038933;0.000323312;0.00011662;0.000223715;0.000196929;0.00020659;7.25397e-05;0.000384721;0.000114103;0.000337371;0.000172596;0.000436363;0.000126483;4.23096e-05;0.000202425;0.000213836;9.00484e-06;0.000142074;0.000185765;0.000262903;9.65939e-05;0.000176492;0.00012243;9.4484e-05;0.00017035;0.000146412;0.000125166;0.00019243;
0.000121117;0.000733093;0.0110608;0.00267988;0.00230598;0.00147354;0.00295786;0.00228749;0.00229672;0.00287721;0.00207552;0.00129714;0.000754605;0.00159626;0.000369563;0.000784549;0.00113984;0.000521003;0.000645954;0.0010793;0.000548975;0.000233936;0.000233724;0.000274148;0.00153262;0.0010219;0.000712036;0.000461978;0.00050414;0.000556305;0.000344736;0.000148436;0.000428736;0.000180547;7.52091e-05;0.000442872;0.000512409;0.000306413;0.000251551;0.000275366;0.000228914;0.000244445;0.000766841;0.000511538;6.17569e-05;0.000167432;0.000328292;0.000361948;0.00022052;0.000395877;0.000481323;0.0003076;0.000438721;0.000310084;0.000310581;0.000126372;0.000332113;0.000355169;0.000242711;0.000416098;0.000226925;0.000342991;0.000428117;0.000248254;0.000126561;7.69738e-05;0.000201219;0.000266008;0.000274932;2.78256e-05;0.000181636;0.000219158;0.000345638;0.000321587;0.000194968;0.000113531;0.000173436;0.000130975;0.000168745;0.00012938;
0.000498581;0.00122797;0.00566963;0.00125176;0.00135664;0.000668828;0.000652438;0.00260542;0.00139198;0.000597305;0.000760895;0.0017081;0.000713993;0.00068007;0.000311006;0.000393943;0.000504546;0.000498609;0.000276792;0.000335973;0.000412009;0.00064922;0.000390783;4.89967e-05;0.00226553;3.17056e-05;0.000554392;0.00054555;0.000176702;0.000359311;0.000687634;0.000388132;0.000415647;0.000765567;0.000147337;0.000478468;2.04472e-05;0.000285701;0.00043353;0.000555902;0.000467748;0.000409124;0.000349402;0.000522136;0.000489994;0.000492653;0.00015781;0.000311251;0.000621949;7.23681e-05;3.86667e-05;0.000358284;0.000226007;0.000232516;0.000112123;0.00021365;0.000111126;0.000373504;0.00035283;0.000230605;0.000123314;0.00012305;0.000166636;0.000157391;0.000269578;0.000315144;0.000250983;0.000164945;5.42252e-05;0.000163145;0.00029155;8.54806e-05;0.000336852;7.95063e-05;0.000213907;0.000226303;0.000131137;0.000118534;0.000151423;0.000154587;
0.00029335;0.0012203;0.00478135;0.00286788;0.00277463;0.000442419;0.000530987;0.00116014;0.00094821;0.000574295;0.000475281;0.00043391;0.000995121;4.49383e-05;0.000338173;0.000580992;7.82274e-05;0.00020833;0.000453614;0.000176207;0.000179114;3.48423e-05;0.000149598;0.000467777;0.000473586;0.000208161;0.000268437;0.000120582;0.000206194;0.000103912;0.000410272;0.000163997;0.000376595;1.77763e-05;0.000157572;0.000113286;7.43085e-05;0.000232835;0.000170902;0.000343912;0.000360572;0.000393732;0.000350739;0.000365022;0.000826708;0.000171091;0.000350193;0.00044312;0.000208611;0.000398203;4.70272e-05;0.000194404;3.80348e-05;0.000276197;0.000110913;0.000259837;0.000166794;0.000142488;0.000113895;8.59875e-05;0.000181988;4.46295e-05;0.000131086;0.000130171;0.000103055;4.66788e-05;0.000150369;0.000182225;8.50668e-05;0.000172399;9.9044e-05;0.000124791;7.95359e-05;0.000155175;0.000107889;9.25333e-05;1.13626e-05;9.1577e-05;0.000139836;5.92921e-05;
0.000671577;0.000326275;0.00637304;0.00261818;0.00101792;0.00132324;0.000419433;0.00238256;0.00110447;0.000262436;0.00149315;0.00053556;0.00147711;0.000293829;0.00160738;0.00275731;0.0011958;0.00222966;0.000737084;0.000936303;0.000658122;0.000538825;0.000471316;0.000155523;0.000188452;0.000117132;0.000431375;0.000278462;0.00014912;0.000118191;0.000372944;0.000460305;0.000558779;0.000626108;0.000196081;0.000574579;0.000501517;0.000234707;0.000288586;0.000613475;0.000626489;0.0001648;0.000546397;0.000356443;0.000490219;0.000472521;0.000114793;0.000570551;0.000233674;8.90966e-05;0.000233285;0.000179407;0.000262274;0.000380741;0.000195649;0.000239465;0.000414838;0.000507657;0.000149898;0.000393006;0.000333739;0.000371108;0.000143857;0.000170299;0.000315267;0.000136194;0.000415828;0.000241704;0.000249483;0.0001868;0.000124092;0.000171346;0.000194701;0.000153525;0.000162236;0.000146829;0.000230931;6.9592e-05;0.000292955;0.000313712;
0.000214005;0.00114185;0.00586444;0.00273222;0.00115545;0.000928569;0.000802666;0.00111648;0.000333746;0.000834512;0.00085399;0.00106335;0.00203487;0.000639779;0.00119123;0.0022654;0.00201345;0.0019107;0.00107576;0.000370216;0.00235177;0.00354592;0.000788037;0.000717254;0.000221565;0.000250532;0.00101903;0.00109718;0.000477552;0.000707994;0.00147149;0.00180375;0.000640947;0.00179592;0.000117379;0.00105536;0.00101222;0.000931774;0.00118601;0.00163214;0.000924403;0.00104199;0.00102002;0.00191248;0.00149775;0.00324999;0.00119724;0.00115732;0.000547251;0.000358452;0.00104338;0.00066245;0.000695995;0.000253683;0.000666225;0.000745662;0.000137678;0.000390277;0.000834127;0.00169343;0.000387663;0.000798344;0.000432556;0.000211181;0.000706415;0.000393285;0.000523098;0.000705236;0.000643235;0.000328418;0.000470221;0.00123553;0.000400051;0.000144896;0.000682835;0.000301399;0.000815543;0.000340833;0.000266505;8.22025e-05;
0.000475883;0.000467052;0.00279313;0.00240371;0.000131979;0.000473905;0.000762378;0.000825342;0.000463408;0.000209931;0.000447982;0.000182646;0.000607426;0.000330975;0.00305516;0.00101629;0.00086287;0.000667171;0.000791639;0.00193768;0.00128373;0.00453948;0.000477567;0.000894339;0.000972158;6.83936e-05;0.000569239;0.0011678;0.000422119;0.000841502;0.0020401;0.000190556;0.000138081;0.00156678;0.00180149;0.000807996;0.00397402;0.0017283;0.00110903;0.000970507;0.00137947;0.00144688;0.00210878;0.000695735;0.00202897;0.00248138;0.00229966;0.00350332;0.00440581;0.00103265;0.000147714;0.000802433;0.00142214;0.0010441;0.000684952;0.000331631;0.00124344;2.70794e-05;0.00206205;0.00105362;0.000590861;0.00202173;0.00108282;0.000159853;0.000374635;0.00338638;0.000695643;0.000613185;0.00110055;0.000106949;0.00248109;0.000489068;0.000142782;0.00099447;0.000590844;0.000531239;0.000211599;0.000404297;0.000568541;0.000255125;
0.000657463;0.00109602;0.0028131;0.00133266;0.000376999;0.000991393;0.00102415;0.000514582;0.000299751;0.000362145;0.00019588;0.000585994;0.00151342;0.000922816;0.0023981;0.000752455;0.000932227;0.00258709;0.0014619;0.00128399;0.00216095;0.00178462;0.00112862;0.00193882;0.00178562;0.000784718;0.000294653;0.00180032;0.000946241;0.000379247;0.000402931;0.000219995;0.00226525;0.00160014;0.00155695;0.00177948;0.00074513;0.00163319;0.000392353;0.000990922;0.00139473;0.000412489;0.00345394;0.00199633;0.000434093;0.0017591;0.00325361;0.00136096;0.000532129;0.00215697;0.00244573;0.00109977;0.00157539;0.00103563;0.00403826;0.000609084;0.000567197;0.00484649;0.00284292;0.00202412;0.00126713;0.00314418;0.0015846;0.000194447;0.000995468;0.00157464;0.00204913;0.00136496;0.00143407;0.000215316;0.00108767;0.00354914;0.000563717;0.000338196;0.000551994;0.000223032;0.000303568;0.000178016;0.00024146;0.000280497;
0.000463676;0.000398902;0.0014844;0.000994892;0.000663717;0.000735646;0.000156446;0.000135918;0.000783344;0.000249484;0.000337982;0.0003077;0.000806695;0.00116427;0.00109834;0.000471636;0.000726027;0.00122094;0.000778388;0.000946788;0.00200858;0.00193517;0.000796258;0.00127533;0.00160916;0.000639188;0.000124389;0.00121794;0.00106793;0.000557117;0.000609682;0.00109308;0.00179929;0.000970071;0.00238153;0.00106705;0.000393657;0.00168152;0.000646674;0.00171392;0.0022602;0.000773574;0.00347363;0.000457084;0.00098011;0.00152439;0.00117747;0.000728717;0.000766118;0.00109385;0.002907;0.000849251;0.00103891;0.00139923;0.0013193;0.000122114;0.0012905;0.00137236;0.000881361;0.00105548;0.000444532;0.00248974;0.000484811;0.000194528;0.000422446;0.000644589;0.00104492;0.00100906;0.00104946;0.0002491;0.00173428;0.00163976;0.00163615;0.000299273;0.00103339;0.000300854;0.000173757;3.11282e-05;0.000110662;0.000100409;
0.000401115;0.000376069;0.000602342;0.00168795;0.00111859;0.000594059;0.000372418;0.000528402;0.000257918;0.000536177;0.000564728;0.000712597;0.000236335;0.00113977;0.00318329;0.00277522;0.000501737;0.00093102;0.000306758;0.000947381;0.00110025;0.000417781;0.000891206;0.000463273;0.000866321;0.000613891;0.00045721;0.000288113;0.000993818;0.000231708;0.00028877;0.00138677;0.00353499;0.00110404;0.00193212;0.00137669;0.000910422;0.000641227;0.000309831;0.000645282;0.000818464;0.00108488;0.00195246;0.00135291;0.000857795;0.000702195;0.00141974;0.00138467;0.00336897;0.000348106;0.000709831;0.00112718;0.001185;0.0013624;0.00115313;0.000365748;0.000847825;0.00137796;0.00143195;0.00310351;0.000885824;0.000402348;0.000500006;0.000663765;0.000730364;0.000336238;0.000306431;0.000924469;0.000390533;0.000413588;0.000326069;0.00098181;0.00054153;0.000165147;0.000423696;0.000254001;8.52356e-05;2.41638e-05;0.000176349;0.000148087;
0.000580597;0.00107847;0.000715443;0.000746414;0.000439619;0.000780268;0.000304766;0.000137495;0.00017688;0.000506975;0.000520545;0.000250226;8.27646e-05;0.0014387;0.00129881;0.000308428;0.000681451;0.000440766;0.000335026;0.000313748;0.000600883;0.000582536;0.000411878;0.00116871;0.000379043;0.000214863;0.000262798;0.000688529;8.75957e-05;0.000188246;0.000275227;8.61554e-05;0.00266606;0.000899549;0.000804679;0.000505966;0.000803393;0.00155062;0.000503155;0.00129281;0.0017473;0.000399088;0.000782901;0.000327428;0.000127151;0.000420478;0.00104343;0.000334394;0.000451971;0.00124355;0.00151615;0.00173352;0.000618053;0.000569398;0.00126143;0.000834706;0.000584488;0.000635178;0.000751816;0.000837708;0.000651545;0.000248382;0.000217017;0.000224471;0.000525151;0.00050444;0.000323085;0.000927048;0.000345633;0.000128786;0.000398176;0.000632089;0.000522392;0.000103888;0.000544278;0.000127902;0.000186355;0.000128165;0.00010564;0.000111902;
0.000281143;0.000767829;0.00103734;0.000706054;0.000905524;0.000320844;0.000535595;0.000373784;0.000500181;0.000609795;0.000306544;0.000817108;0.000172222;0.000876406;0.000342347;0.000419431;0.000676072;0.000654465;0.000328455;0.000199715;0.000267402;0.000669749;0.000200544;0.000632147;0.000485201;9.33845e-05;0.000560078;0.000133361;0.000213575;8.79841e-05;0.000225165;0.00083507;0.000691719;0.000872875;0.00162269;0.000540312;0.000511868;0.000569484;0.000820112;0.000237096;0.00103434;0.000702289;0.000801164;0.000718745;0.000300461;0.000998206;0.000380172;0.000524926;0.000287835;0.000751493;0.000608495;0.0010221;0.000393597;0.000445994;0.00116609;0.000535593;0.000173971;0.00062843;0.000261089;0.000485927;0.000179112;0.000678345;0.000508505;1.08124e-05;0.000305381;0.000104684;0.000144356;0.000280719;0.000126557;0.000299198;0.000322897;0.00026456;0.000101661;0.000129876;8.06983e-05;4.09602e-05;0.00016851;7.36252e-05;2.67687e-05;0.000123943;
0.000247574;0.000914351;0.000639358;5.32069e-05;0.000260742;0.000870076;0.000377929;0.00045273;0.000456604;0.000486552;0.000303494;0.000144159;0.00023836;0.000191177;6.50715e-05;0.000556126;0.000632533;0.000495583;0.000401494;0.000566818;0.00031252;0.000286709;0.000196823;0.0004202;0.000290205;0.000307575;0.000337942;0.000534575;0.000605115;0.000464569;0.000442588;0.000505728;0.000994176;0.00010441;0.000416882;0.000319856;1.59735e-05;0.000212342;0.000262234;0.000447741;0.000353652;0.000238057;0.000329233;0.0018283;0.000550568;5.9845e-05;0.000509232;0.000700496;0.000203188;0.000700897;0.000395632;0.000254591;0.000325423;0.000732289;0.0010193;0.000403582;0.00018444;0.000602753;0.000517516;0.000281573;0.000161868;0.000302494;0.000316067;0.000244556;0.000240287;0.000172386;0.000248722;0.00016876;0.000259443;0.000267889;0.000231212;0.00030219;0.000135125;0.000379683;8.09435e-05;0.000185228;3.22286e-05;0.000198817;3.23605e-05;7.04901e-05;
7.13348e-05;0.000774578;0.000969075;0.000531322;0.00140635;0.000543272;0.000374022;0.0004108;0.000268728;0.000305578;0.000386579;0.000581818;0.000582739;0.000666887;0.00025433;0.000123565;0.000132504;0.000153589;7.21423e-05;0.000412909;0.000558629;2.27836e-05;0.000257707;0.000133461;0.00011674;0.000167993;0.000206679;0.000613997;0.000498649;0.000351513;0.000519864;0.000187885;0.000489787;0.000116514;0.000692606;0.000355783;0.00022182;7.48006e-05;0.000323165;9.45786e-05;0.000379894;0.000520915;0.000422924;0.00139404;0.000137338;7.07828e-05;0.000487754;0.000810949;0.000552429;0.000238285;6.73638e-05;0.000347741;0.000202941;0.000255711;0.000558332;0.000257001;0.00023594;0.000197134;0.000388366;0.000190531;0.000145335;7.34718e-05;8.33731e-05;0.000162421;0.000266619;0.000294817;0.000280352;0.000297455;0.000246055;0.000188434;5.27716e-05;0.0002308;0.000161008;0.000215038;6.45411e-05;2.953e-05;0.000141626;8.32583e-05;2.41542e-05;4.4003e-05;
0.000166512;0.000335373;0.00148531;0.000566139;0.000831227;0.000466561;0.000195871;0.000754234;0.00028584;0.000269934;0.000550453;0.000275279;0.000263937;0.000886645;0.000222922;0.000341183;0.000176751;0.000507239;0.000508676;5.2318e-05;0.000255628;4.16799e-05;0.000190437;0.000151118;0.000242914;0.000244458;0.000313223;0.000205293;0.000228064;0.00030237;2.16016e-05;0.000206253;0.000706591;0.000206127;0.000150038;1.82572e-05;0.00039317;0.000273489;0.000182762;0.000620011;0.000103911;0.000207296;0.000199954;0.00109783;0.000323584;0.000128185;0.000447109;0.000486514;0.000551481;0.000232294;0.000200411;0.000216735;0.000193761;0.000452584;0.000130731;9.80994e-05;0.000254993;0.000352115;0.000153485;0.00014005;0.000171676;0.000137492;0.000331882;0.000395714;0.000134708;0.000112078;0.000175557;0.000113899;0.000179012;1.35701e-05;0.000129406;9.60821e-05;0.000216767;0.000207576;9.20148e-05;0.000111537;8.52621e-05;0.000128826;7.28379e-05;0.000156938;
0.00045433;0.000394975;0.00130657;0.000661569;0.000655524;0.000318866;0.000816474;0.000431829;0.00045765;0.00041453;0.000760059;0.000573153;0.000313613;0.000448254;0.000450377;0.000244768;0.000286936;0.000205247;0.000429777;0.000145996;0.000368152;0.000136358;0.000721001;0.000256175;8.84814e-05;0.000408455;0.00024337;0.000415397;0.000357683;0.000397403;0.00043213;0.000208032;0.000420669;0.000520802;0.000712006;0.000198047;0.000546299;0.000633303;0.000577717;0.000299637;0.000950746;0.00060619;0.0003922;0.000517847;0.000148242;0.000528847;0.000492392;6.26121e-05;0.000571819;0.000795553;0.00069739;0.000394323;0.000799325;0.000336011;0.000497571;0.000606913;0.000332267;0.000350709;0.000713018;0.000538683;0.000108519;0.000737851;0.000431608;0.000217842;0.00011735;0.000252034;0.000241242;0.000342613;0.000151536;0.000194328;0.000191446;0.000151877;0.000211933;0.000148761;0.000275877;0.00023404;0.000126764;0.000151946;0.00010572;0.000146902;
4.99725e-05;0.000377503;0.00182786;0.00115078;0.00106886;0.000706831;0.000708998;0.000356609;0.000589897;0.000701242;0.000227369;0.000638066;0.00102505;0.000473688;0.000159377;0.000253976;0.000185617;0.000472182;0.000210249;0.000128425;0.000186453;0.000338644;0.000337203;4.7476e-05;0.000154312;0.000490377;0.000440986;0.000219983;0.000640184;0.000390638;0.00022826;0.0004952;0.000283532;0.000310031;0.000553558;0.000322058;0.000204469;0.000286831;0.0003484;0.00013114;0.000200094;0.000232277;0.000318033;0.0004396;0.000864483;0.000980326;0.0010606;0.000512105;0.00121102;0.000964752;0.000554212;0.0015283;0.000363647;0.000645238;4.85036e-05;0.00058205;0.000641151;0.000563079;0.000630019;0.000351289;0.000241624;0.000695444;0.000465824;9.74853e-05;0.000278115;8.60616e-05;0.000435432;0.000159943;0.000173025;0.000186638;0.000108988;0.000390386;7.79493e-05;0.00020627;0.000129128;0.000252933;5.85969e-05;0.000245464;0.000173411;3.83488e-05;
0.000320625;0.000576202;0.00126752;0.00048273;0.00100415;0.000724284;0.00167054;0.00127002;0.000407494;0.000538027;0.000863938;0.000844562;0.000654928;0.0006417;0.000482438;0.000320859;0.000298874;0.000375494;0.000394441;0.000532377;0.000627092;0.000467283;0.000563687;0.000163089;0.000166177;0.000322721;0.000350816;0.000512653;0.00044576;0.000340687;0.000554075;0.00021697;9.66206e-05;0.000151132;6.29357e-05;0.000491991;0.000495139;0.000773625;0.000377829;0.000700264;0.000811137;0.000756816;0.000453989;0.000235689;0.000283396;0.000314659;0.000517373;0.00102125;0.00125869;0.000837082;0.00118032;0.000429175;0.000607964;0.000741653;0.000529389;0.000629761;0.000217534;0.000158121;0.000681458;0.000728755;0.000239327;0.00102422;0.000196451;0.000306797;0.000158837;0.000213842;6.16089e-05;0.000272495;0.00012441;0.000168631;8.01936e-05;0.000181897;8.31905e-05;0.000216404;0.000303005;0.000241797;0.00014524;0.000113953;4.89589e-05;0.00020343;
